index,position,bead_id,angle_deg,x_um,y_um,bead_x_um,bead_y_um,bead_diameter_um,nn_um,clumped
0,B1132_A000,1132,0.0,149.85,1882.34,89.85,1882.34,86.05,371.33,0
1,B1132_A090,1132,90.0,89.85,1942.34,89.85,1882.34,86.05,371.33,0
2,B1132_A180,1132,180.0,29.85,1882.34,89.85,1882.34,86.05,371.33,0
3,B1132_A270,1132,270.0,89.85,1822.34,89.85,1882.34,86.05,371.33,0
4,B1124_A000,1124,0.0,329.89,2207.10,269.89,2207.10,78.49,358.89,0
5,B1124_A090,1124,90.0,269.89,2267.10,269.89,2207.10,78.49,358.89,0
6,B1124_A180,1124,180.0,209.89,2207.10,269.89,2207.10,78.49,358.89,0
7,B1124_A270,1124,270.0,269.89,2147.10,269.89,2207.10,78.49,358.89,0
8,B0803_A000,803,0.0,2654.28,8636.13,2594.28,8636.13,81.81,319.20,0
9,B0803_A090,803,90.0,2594.28,8696.13,2594.28,8636.13,81.81,319.20,0
10,B0803_A180,803,180.0,2534.28,8636.13,2594.28,8636.13,81.81,319.20,0
11,B0803_A270,803,270.0,2594.28,8576.13,2594.28,8636.13,81.81,319.20,0
12,B1117_A000,1117,0.0,6191.84,9460.98,6131.84,9460.98,78.67,305.70,0
13,B1117_A090,1117,90.0,6131.84,9520.98,6131.84,9460.98,78.67,305.70,0
14,B1117_A180,1117,180.0,6071.84,9460.98,6131.84,9460.98,78.67,305.70,0
15,B1117_A270,1117,270.0,6131.84,9400.98,6131.84,9460.98,78.67,305.70,0
16,B1090_A000,1090,0.0,5949.77,9647.67,5889.77,9647.67,86.39,305.70,0
17,B1090_A090,1090,90.0,5889.77,9707.67,5889.77,9647.67,86.39,305.70,0
18,B1090_A180,1090,180.0,5829.77,9647.67,5889.77,9647.67,86.39,305.70,0
19,B1090_A270,1090,270.0,5889.77,9587.67,5889.77,9647.67,86.39,305.70,0
20,B0908_A000,908,0.0,4533.07,9934.09,4473.07,9934.09,80.90,492.28,0
21,B0908_A090,908,90.0,4473.07,9994.09,4473.07,9934.09,80.90,492.28,0
22,B0908_A180,908,180.0,4413.07,9934.09,4473.07,9934.09,80.90,492.28,0
23,B0908_A270,908,270.0,4473.07,9874.09,4473.07,9934.09,80.90,492.28,0
24,B0844_A000,844,0.0,4042.18,9971.05,3982.18,9971.05,73.42,492.28,0
25,B0844_A090,844,90.0,3982.18,10031.05,3982.18,9971.05,73.42,492.28,0
26,B0844_A180,844,180.0,3922.18,9971.05,3982.18,9971.05,73.42,492.28,0
27,B0844_A270,844,270.0,3982.18,9911.05,3982.18,9971.05,73.42,492.28,0
28,B0894_A000,894,0.0,3742.08,9089.68,3682.08,9089.68,84.48,510.58,0
29,B0894_A090,894,90.0,3682.08,9149.68,3682.08,9089.68,84.48,510.58,0
30,B0894_A180,894,180.0,3622.08,9089.68,3682.08,9089.68,84.48,510.58,0
31,B0894_A270,894,270.0,3682.08,9029.68,3682.08,9089.68,84.48,510.58,0
32,B0759_A000,759,0.0,3095.70,9585.66,3035.70,9585.66,79.61,325.65,0
33,B0759_A090,759,90.0,3035.70,9645.66,3035.70,9585.66,79.61,325.65,0
34,B0759_A180,759,180.0,2975.70,9585.66,3035.70,9585.66,79.61,325.65,0
35,B0759_A270,759,270.0,3035.70,9525.66,3035.70,9585.66,79.61,325.65,0
36,B0422_A000,422,0.0,1442.96,10609.15,1382.96,10609.15,81.99,242.16,0
37,B0422_A090,422,90.0,1382.96,10669.15,1382.96,10609.15,81.99,242.16,0
38,B0422_A180,422,180.0,1322.96,10609.15,1382.96,10609.15,81.99,242.16,0
39,B0422_A270,422,270.0,1382.96,10549.15,1382.96,10609.15,81.99,242.16,0
40,B0594_A000,594,0.0,2817.81,10816.81,2757.81,10816.81,79.42,298.10,0
41,B0594_A090,594,90.0,2757.81,10876.81,2757.81,10816.81,79.42,298.10,0
42,B0594_A180,594,180.0,2697.81,10816.81,2757.81,10816.81,79.42,298.10,0
43,B0594_A270,594,270.0,2757.81,10756.81,2757.81,10816.81,79.42,298.10,0
44,B0739_A000,739,0.0,3835.58,10636.98,3775.58,10636.98,87.07,501.57,0
45,B0739_A090,739,90.0,3775.58,10696.98,3775.58,10636.98,87.07,501.57,0
46,B0739_A180,739,180.0,3715.58,10636.98,3775.58,10636.98,87.07,501.57,0
47,B0739_A270,739,270.0,3775.58,10576.98,3775.58,10636.98,87.07,501.57,0
48,B0828_A000,828,0.0,4303.27,10455.77,4243.27,10455.77,82.17,501.57,0
49,B0828_A090,828,90.0,4243.27,10515.77,4243.27,10455.77,82.17,501.57,0
50,B0828_A180,828,180.0,4183.27,10455.77,4243.27,10455.77,82.17,501.57,0
51,B0828_A270,828,270.0,4243.27,10395.77,4243.27,10455.77,82.17,501.57,0
52,B0813_A000,813,0.0,4652.53,10995.83,4592.53,10995.83,67.09,637.44,0
53,B0813_A090,813,90.0,4592.53,11055.83,4592.53,10995.83,67.09,637.44,0
54,B0813_A180,813,180.0,4532.53,10995.83,4592.53,10995.83,67.09,637.44,0
55,B0813_A270,813,270.0,4592.53,10935.83,4592.53,10995.83,67.09,637.44,0
56,B1053_A000,1053,0.0,6301.99,10634.84,6241.99,10634.84,81.81,330.73,0
57,B1053_A090,1053,90.0,6241.99,10694.84,6241.99,10634.84,81.81,330.73,0
58,B1053_A180,1053,180.0,6181.99,10634.84,6241.99,10634.84,81.81,330.73,0
59,B1053_A270,1053,270.0,6241.99,10574.84,6241.99,10634.84,81.81,330.73,0
60,B0945_A000,945,0.0,5849.98,11161.16,5789.98,11161.16,82.35,308.07,0
61,B0945_A090,945,90.0,5789.98,11221.16,5789.98,11161.16,82.35,308.07,0
62,B0945_A180,945,180.0,5729.98,11161.16,5789.98,11161.16,82.35,308.07,0
63,B0945_A270,945,270.0,5789.98,11101.16,5789.98,11161.16,82.35,308.07,0
64,B0901_A000,901,0.0,5697.32,11428.74,5637.32,11428.74,83.42,308.07,0
65,B0901_A090,901,90.0,5637.32,11488.74,5637.32,11428.74,83.42,308.07,0
66,B0901_A180,901,180.0,5577.32,11428.74,5637.32,11428.74,83.42,308.07,0
67,B0901_A270,901,270.0,5637.32,11368.74,5637.32,11428.74,83.42,308.07,0
68,B0847_A000,847,0.0,5492.08,11684.34,5432.08,11684.34,80.90,327.80,0
69,B0847_A090,847,90.0,5432.08,11744.34,5432.08,11684.34,80.90,327.80,0
70,B0847_A180,847,180.0,5372.08,11684.34,5432.08,11684.34,80.90,327.80,0
71,B0847_A270,847,270.0,5432.08,11624.34,5432.08,11684.34,80.90,327.80,0
72,B0788_A000,788,0.0,5135.47,11733.41,5075.47,11733.41,77.35,277.30,0
73,B0788_A090,788,90.0,5075.47,11793.41,5075.47,11733.41,77.35,277.30,0
74,B0788_A180,788,180.0,5015.47,11733.41,5075.47,11733.41,77.35,277.30,0
75,B0788_A270,788,270.0,5075.47,11673.41,5075.47,11733.41,77.35,277.30,0
76,B0740_A000,740,0.0,4823.64,11811.23,4763.64,11811.23,88.92,321.40,0
77,B0740_A090,740,90.0,4763.64,11871.23,4763.64,11811.23,88.92,321.40,0
78,B0740_A180,740,180.0,4703.64,11811.23,4763.64,11811.23,88.92,321.40,0
79,B0740_A270,740,270.0,4763.64,11751.23,4763.64,11811.23,88.92,321.40,0
80,B0651_A000,651,0.0,4096.84,11851.76,4036.84,11851.76,81.08,392.20,0
81,B0651_A090,651,90.0,4036.84,11911.76,4036.84,11851.76,81.08,392.20,0
82,B0651_A180,651,180.0,3976.84,11851.76,4036.84,11851.76,81.08,392.20,0
83,B0651_A270,651,270.0,4036.84,11791.76,4036.84,11851.76,81.08,392.20,0
84,B0432_A000,432,0.0,1998.49,11135.55,1938.49,11135.55,77.54,359.95,0
85,B0432_A090,432,90.0,1938.49,11195.55,1938.49,11135.55,77.54,359.95,0
86,B0432_A180,432,180.0,1878.49,11135.55,1938.49,11135.55,77.54,359.95,0
87,B0432_A270,432,270.0,1938.49,11075.55,1938.49,11135.55,77.54,359.95,0
88,B0386_A000,386,0.0,1961.77,11658.20,1901.77,11658.20,80.17,187.23,0
89,B0386_A090,386,90.0,1901.77,11718.20,1901.77,11658.20,80.17,187.23,0
90,B0386_A180,386,180.0,1841.77,11658.20,1901.77,11658.20,80.17,187.23,0
91,B0386_A270,386,270.0,1901.77,11598.20,1901.77,11658.20,80.17,187.23,0
92,B0337_A000,337,0.0,1688.05,11954.42,1628.05,11954.42,83.78,323.64,0
93,B0337_A090,337,90.0,1628.05,12014.42,1628.05,11954.42,83.78,323.64,0
94,B0337_A180,337,180.0,1568.05,11954.42,1628.05,11954.42,83.78,323.64,0
95,B0337_A270,337,270.0,1628.05,11894.42,1628.05,11954.42,83.78,323.64,0
96,B0220_A000,220,0.0,581.22,12085.35,521.22,12085.35,81.81,419.17,0
97,B0220_A090,220,90.0,521.22,12145.35,521.22,12085.35,81.81,419.17,0
98,B0220_A180,220,180.0,461.22,12085.35,521.22,12085.35,81.81,419.17,0
99,B0220_A270,220,270.0,521.22,12025.35,521.22,12085.35,81.81,419.17,0
100,B0453_A000,453,0.0,2918.39,12061.01,2858.39,12061.01,85.70,799.55,0
101,B0453_A090,453,90.0,2858.39,12121.01,2858.39,12061.01,85.70,799.55,0
102,B0453_A180,453,180.0,2798.39,12061.01,2858.39,12061.01,85.70,799.55,0
103,B0453_A270,453,270.0,2858.39,12001.01,2858.39,12061.01,85.70,799.55,0
104,B0787_A000,787,0.0,5628.40,12331.71,5568.40,12331.71,74.42,213.20,0
105,B0787_A090,787,90.0,5568.40,12391.71,5568.40,12331.71,74.42,213.20,0
106,B0787_A180,787,180.0,5508.40,12331.71,5568.40,12331.71,74.42,213.20,0
107,B0787_A270,787,270.0,5568.40,12271.71,5568.40,12331.71,74.42,213.20,0
108,B0867_A000,867,0.0,6227.69,12355.75,6167.69,12355.75,84.48,294.92,0
109,B0867_A090,867,90.0,6167.69,12415.75,6167.69,12355.75,84.48,294.92,0
110,B0867_A180,867,180.0,6107.69,12355.75,6167.69,12355.75,84.48,294.92,0
111,B0867_A270,867,270.0,6167.69,12295.75,6167.69,12355.75,84.48,294.92,0
112,B1021_A000,1021,0.0,7649.18,12603.64,7589.18,12603.64,79.42,367.15,0
113,B1021_A090,1021,90.0,7589.18,12663.64,7589.18,12603.64,79.42,367.15,0
114,B1021_A180,1021,180.0,7529.18,12603.64,7589.18,12603.64,79.42,367.15,0
115,B1021_A270,1021,270.0,7589.18,12543.64,7589.18,12603.64,79.42,367.15,0
116,B0937_A000,937,0.0,7657.47,13426.10,7597.47,13426.10,77.54,398.50,0
117,B0937_A090,937,90.0,7597.47,13486.10,7597.47,13426.10,77.54,398.50,0
118,B0937_A180,937,180.0,7537.47,13426.10,7597.47,13426.10,77.54,398.50,0
119,B0937_A270,937,270.0,7597.47,13366.10,7597.47,13426.10,77.54,398.50,0
120,B0799_A000,799,0.0,7000.78,13924.43,6940.78,13924.43,83.96,442.30,0
121,B0799_A090,799,90.0,6940.78,13984.43,6940.78,13924.43,83.96,442.30,0
122,B0799_A180,799,180.0,6880.78,13924.43,6940.78,13924.43,83.96,442.30,0
123,B0799_A270,799,270.0,6940.78,13864.43,6940.78,13924.43,83.96,442.30,0
124,B0672_A000,672,0.0,5770.38,13706.69,5710.38,13706.69,81.99,189.02,0
125,B0672_A090,672,90.0,5710.38,13766.69,5710.38,13706.69,81.99,189.02,0
126,B0672_A180,672,180.0,5650.38,13706.69,5710.38,13706.69,81.99,189.02,0
127,B0672_A270,672,270.0,5710.38,13646.69,5710.38,13706.69,81.99,189.02,0
128,B0680_A000,680,0.0,5701.49,13530.67,5641.49,13530.67,77.73,189.02,0
129,B0680_A090,680,90.0,5641.49,13590.67,5641.49,13530.67,77.73,189.02,0
130,B0680_A180,680,180.0,5581.49,13530.67,5641.49,13530.67,77.73,189.02,0
131,B0680_A270,680,270.0,5641.49,13470.67,5641.49,13530.67,77.73,189.02,0
132,B0699_A000,699,0.0,5638.41,13290.64,5578.41,13290.64,81.63,248.18,0
133,B0699_A090,699,90.0,5578.41,13350.64,5578.41,13290.64,81.63,248.18,0
134,B0699_A180,699,180.0,5518.41,13290.64,5578.41,13290.64,81.63,248.18,0
135,B0699_A270,699,270.0,5578.41,13230.64,5578.41,13290.64,81.63,248.18,0
136,B0639_A000,639,0.0,5100.52,13185.14,5040.52,13185.14,77.92,169.12,0
137,B0639_A090,639,90.0,5040.52,13245.14,5040.52,13185.14,77.92,169.12,0
138,B0639_A180,639,180.0,4980.52,13185.14,5040.52,13185.14,77.92,169.12,0
139,B0639_A270,639,270.0,5040.52,13125.14,5040.52,13185.14,77.92,169.12,0
140,B0424_A000,424,0.0,4261.93,13982.72,4201.93,13982.72,87.41,451.30,0
141,B0424_A090,424,90.0,4201.93,14042.72,4201.93,13982.72,87.41,451.30,0
142,B0424_A180,424,180.0,4141.93,13982.72,4201.93,13982.72,87.41,451.30,0
143,B0424_A270,424,270.0,4201.93,13922.72,4201.93,13982.72,87.41,451.30,0
144,B0474_A000,474,0.0,4086.26,13316.38,4026.26,13316.38,80.35,215.74,0
145,B0474_A090,474,90.0,4026.26,13376.38,4026.26,13316.38,80.35,215.74,0
146,B0474_A180,474,180.0,3966.26,13316.38,4026.26,13316.38,80.35,215.74,0
147,B0474_A270,474,270.0,4026.26,13256.38,4026.26,13316.38,80.35,215.74,0
148,B0465_A000,465,0.0,3926.02,13171.93,3866.02,13171.93,79.98,215.74,0
149,B0465_A090,465,90.0,3866.02,13231.93,3866.02,13171.93,79.98,215.74,0
150,B0465_A180,465,180.0,3806.02,13171.93,3866.02,13171.93,79.98,215.74,0
151,B0465_A270,465,270.0,3866.02,13111.93,3866.02,13171.93,79.98,215.74,0
152,B0399_A000,399,0.0,3397.61,13259.36,3337.61,13259.36,87.75,265.94,0
153,B0399_A090,399,90.0,3337.61,13319.36,3337.61,13259.36,87.75,265.94,0
154,B0399_A180,399,180.0,3277.61,13259.36,3337.61,13259.36,87.75,265.94,0
155,B0399_A270,399,270.0,3337.61,13199.36,3337.61,13259.36,87.75,265.94,0
156,B0345_A000,345,0.0,3340.08,13837.05,3280.08,13837.05,83.60,194.55,0
157,B0345_A090,345,90.0,3280.08,13897.05,3280.08,13837.05,83.60,194.55,0
158,B0345_A180,345,180.0,3220.08,13837.05,3280.08,13837.05,83.60,194.55,0
159,B0345_A270,345,270.0,3280.08,13777.05,3280.08,13837.05,83.60,194.55,0
160,B0330_A000,330,0.0,3230.67,13997.93,3170.67,13997.93,80.53,194.55,0
161,B0330_A090,330,90.0,3170.67,14057.93,3170.67,13997.93,80.53,194.55,0
162,B0330_A180,330,180.0,3110.67,13997.93,3170.67,13997.93,80.53,194.55,0
163,B0330_A270,330,270.0,3170.67,13937.93,3170.67,13997.93,80.53,194.55,0
164,B0388_A000,388,0.0,3174.34,13114.88,3114.34,13114.88,83.25,199.40,0
165,B0388_A090,388,90.0,3114.34,13174.88,3114.34,13114.88,83.25,199.40,0
166,B0388_A180,388,180.0,3054.34,13114.88,3114.34,13114.88,83.25,199.40,0
167,B0388_A270,388,270.0,3114.34,13054.88,3114.34,13114.88,83.25,199.40,0
168,B0351_A000,351,0.0,3005.61,13329.20,2945.61,13329.20,83.96,272.77,0
169,B0351_A090,351,90.0,2945.61,13389.20,2945.61,13329.20,83.96,272.77,0
170,B0351_A180,351,180.0,2885.61,13329.20,2945.61,13329.20,83.96,272.77,0
171,B0351_A270,351,270.0,2945.61,13269.20,2945.61,13329.20,83.96,272.77,0
172,B0316_A000,316,0.0,2823.07,13594.80,2763.07,13594.80,76.77,322.28,0
173,B0316_A090,316,90.0,2763.07,13654.80,2763.07,13594.80,76.77,322.28,0
174,B0316_A180,316,180.0,2703.07,13594.80,2763.07,13594.80,76.77,322.28,0
175,B0316_A270,316,270.0,2763.07,13534.80,2763.07,13594.80,76.77,322.28,0
176,B0245_A000,245,0.0,2057.94,13574.43,1997.94,13574.43,77.73,378.43,0
177,B0245_A090,245,90.0,1997.94,13634.43,1997.94,13574.43,77.73,378.43,0
178,B0245_A180,245,180.0,1937.94,13574.43,1997.94,13574.43,77.73,378.43,0
179,B0245_A270,245,270.0,1997.94,13514.43,1997.94,13574.43,77.73,378.43,0
180,B0315_A000,315,0.0,3788.34,14768.05,3728.34,14768.05,65.98,246.85,0
181,B0315_A090,315,90.0,3728.34,14828.05,3728.34,14768.05,65.98,246.85,0
182,B0315_A180,315,180.0,3668.34,14768.05,3728.34,14768.05,65.98,246.85,0
183,B0315_A270,315,270.0,3728.34,14708.05,3728.34,14768.05,65.98,246.85,0
184,B0346_A000,346,0.0,3967.49,14598.23,3907.49,14598.23,70.12,246.85,0
185,B0346_A090,346,90.0,3907.49,14658.23,3907.49,14598.23,70.12,246.85,0
186,B0346_A180,346,180.0,3847.49,14598.23,3907.49,14598.23,70.12,246.85,0
187,B0346_A270,346,270.0,3907.49,14538.23,3907.49,14598.23,70.12,246.85,0
188,B0445_A000,445,0.0,5166.37,14858.35,5106.37,14858.35,85.53,591.20,0
189,B0445_A090,445,90.0,5106.37,14918.35,5106.37,14858.35,85.53,591.20,0
190,B0445_A180,445,180.0,5046.37,14858.35,5106.37,14858.35,85.53,591.20,0
191,B0445_A270,445,270.0,5106.37,14798.35,5106.37,14858.35,85.53,591.20,0
192,B0609_A000,609,0.0,5615.45,14111.87,5555.45,14111.87,76.19,233.62,0
193,B0609_A090,609,90.0,5555.45,14171.87,5555.45,14111.87,76.19,233.62,0
194,B0609_A180,609,180.0,5495.45,14111.87,5555.45,14111.87,76.19,233.62,0
195,B0609_A270,609,270.0,5555.45,14051.87,5555.45,14111.87,76.19,233.62,0
196,B0644_A000,644,0.0,5886.25,14103.42,5826.25,14103.42,75.99,270.94,0
197,B0644_A090,644,90.0,5826.25,14163.42,5826.25,14103.42,75.99,270.94,0
198,B0644_A180,644,180.0,5766.25,14103.42,5826.25,14103.42,75.99,270.94,0
199,B0644_A270,644,270.0,5826.25,14043.42,5826.25,14103.42,75.99,270.94,0
200,B0673_A000,673,0.0,6574.60,14656.71,6514.60,14656.71,86.05,438.60,0
201,B0673_A090,673,90.0,6514.60,14716.71,6514.60,14656.71,86.05,438.60,0
202,B0673_A180,673,180.0,6454.60,14656.71,6514.60,14656.71,86.05,438.60,0
203,B0673_A270,673,270.0,6514.60,14596.71,6514.60,14656.71,86.05,438.60,0
204,B0311_A000,311,0.0,4717.35,15912.51,4657.35,15912.51,74.42,486.84,0
205,B0311_A090,311,90.0,4657.35,15972.51,4657.35,15912.51,74.42,486.84,0
206,B0311_A180,311,180.0,4597.35,15912.51,4657.35,15912.51,74.42,486.84,0
207,B0311_A270,311,270.0,4657.35,15852.51,4657.35,15912.51,74.42,486.84,0
208,B0200_A000,200,0.0,3060.11,15344.71,3000.11,15344.71,76.58,268.24,0
209,B0200_A090,200,90.0,3000.11,15404.71,3000.11,15344.71,76.58,268.24,0
210,B0200_A180,200,180.0,2940.11,15344.71,3000.11,15344.71,76.58,268.24,0
211,B0200_A270,200,270.0,3000.11,15284.71,3000.11,15344.71,76.58,268.24,0
